Rk,Name,Inducted,Yrs,From,To,ASG,WAR/pos,G,PA,AB,R,H,2B,3B,HR,RBI,SB,CS,BB,SO,IBB,GDP,SF,SH,BA,OBP,SLG,OPS
1,Hank Aaron\aaronha01,1982,23,1954,1976,25,142.6,3298,13941,12364,2174,3771,624,98,755,2297,240,73,1402,1383,293,328,121,21,.305,.374,.555,.928
2,Pete Alexander\alexape01,1938,20,1911,1930,0,3.1,703,1978,1810,154,378,60,13,11,163,3,5,77,276,,,,88,.209,.242,.275,.517
3,Roberto Alomar\alomaro01,2011,17,1988,2004,12,66.8,2379,10400,9073,1508,2724,504,80,210,1134,474,114,1032,1140,62,206,97,148,.300,.371,.443,.814
4,Walter Alston\alstowa01,1983,1,1936,1936,0,0.0,1,1,1,0,0,0,0,0,0,0,,0,1,,0,,0,.000,.000,.000,.000
5,Sparky Anderson\andersp01,2000,1,1959,1959,0,-1.2,152,527,477,42,104,9,3,0,34,6,9,42,53,1,15,2,5,.218,.282,.249,.531
6,Cap Anson\ansonca01,1939,27,1871,1897,0,93.9,2524,11331,10281,1999,3435,582,142,97,2075,277,16,984,330,,6,,34,.334,.394,.447,.841
7,Luis Aparicio\aparilu01,1984,18,1956,1973,13,55.7,2599,11230,10230,1335,2677,394,92,83,791,506,136,736,742,22,184,76,161,.262,.311,.343,.653
8,Luke Appling\applilu01,1964,20,1930,1950,7,74.5,2422,10254,8856,1319,2749,440,102,45,1116,179,108,1302,528,,129,,74,.310,.399,.398,.798
9,Richie Ashburn\ashburi01,1995,15,1948,1962,6,63.6,2189,9736,8365,1322,2574,317,109,29,586,234,92,1198,571,25,83,18,112,.308,.396,.382,.778
10,Earl Averill\averiea01,1975,13,1929,1941,6,48.0,1669,7221,6353,1224,2019,401,128,238,1164,70,58,774,518,,7,,55,.318,.395,.534,.928
11,Jeff Bagwell\bagweje01,2017,15,1991,2005,4,79.6,2150,9431,7797,1517,2314,488,32,449,1529,202,78,1401,1558,155,221,102,3,.297,.408,.540,.948
12,Home Run Baker\bakerfr01,1955,13,1908,1922,0,62.8,1575,6667,5984,887,1838,315,103,96,991,235,54,473,344,,,,153,.307,.363,.442,.805
13,Dave Bancroft\bancrda01,1971,16,1915,1930,0,48.5,1913,8249,7182,1048,2004,320,77,32,591,145,75,827,487,,,,212,.279,.355,.358,.714
14,Ernie Banks\bankser01,1977,19,1953,1971,14,67.4,2528,10394,9421,1305,2583,407,90,512,1636,50,53,763,1236,198,229,96,45,.274,.330,.500,.830
15,Jake Beckley\becklja01,1971,20,1888,1907,0,61.5,2392,10517,9551,1603,2938,473,244,87,1581,315,,616,526,,,,167,.308,.361,.436,.797
16,Johnny Bench\benchjo01,1989,17,1967,1983,14,75.0,2158,8674,7658,1091,2048,381,24,389,1376,68,43,891,1278,135,201,90,11,.267,.342,.476,.817
17,Chief Bender\bendech01,1953,16,1903,1925,0,5.5,507,1276,1147,102,243,40,10,6,116,20,2,75,160,,,,42,.212,.266,.280,.546
18,Yogi Berra\berrayo01,1972,19,1946,1965,18,59.5,2120,8359,7555,1175,2150,321,49,358,1430,30,26,704,414,49,146,44,9,.285,.348,.482,.830
19,Craig Biggio\biggicr01,2015,20,1988,2007,7,65.1,2850,12504,10876,1844,3060,668,55,291,1175,414,124,1160,1753,68,150,81,101,.281,.363,.433,.796
20,Bert Blyleven\blylebe01,2011,22,1970,1992,2,-1.2,218,514,451,19,59,7,0,0,25,0,0,5,193,0,4,0,56,.131,.144,.146,.290
21,Wade Boggs\boggswa01,2005,18,1982,1999,12,91.1,2439,10740,9180,1513,3010,578,61,118,1014,24,35,1412,745,180,236,96,29,.328,.415,.443,.858
22,Jim Bottomley\bottoji01,1974,16,1922,1937,0,35.3,1991,8354,7471,1177,2313,465,151,219,1422,58,15,664,591,,33,,177,.310,.369,.500,.869
23,Lou Boudreau\boudrlo01,1970,15,1938,1952,8,63.0,1646,7025,6029,861,1779,385,66,68,789,51,50,796,309,,155,,164,.295,.380,.415,.795
24,Roger Bresnahan\bresnro01,1945,17,1897,1915,0,41.0,1446,5375,4481,682,1252,218,71,26,530,212,4,714,403,,,,112,.279,.386,.377,.764
25,George Brett\brettge01,1999,21,1973,1993,13,88.4,2707,11625,10349,1583,3154,665,137,317,1596,201,97,1096,908,229,235,120,26,.305,.369,.487,.857
26,Lou Brock\brocklo01,1985,19,1961,1979,6,45.2,2616,11240,10332,1610,3023,486,141,149,900,938,307,761,1730,124,114,46,47,.293,.343,.410,.753
27,Dan Brouthers\broutda01,1945,19,1879,1904,0,79.4,1676,7691,6726,1529,2303,462,206,107,1301,257,,840,238,,,,20,.342,.423,.520,.943
28,Mordecai Brown\brownmo01,1949,14,1903,1916,0,1.3,493,1240,1143,93,235,20,11,2,73,8,0,44,199,,,,49,.206,.236,.248,.483
29,Willard Brown\brownwi02,2006,1,1947,1947,0,-0.7,21,67,67,4,12,3,0,1,6,2,2,0,7,,2,,0,.179,.179,.269,.448
30,Jim Bunning\bunniji01,1996,17,1955,1971,9,-0.8,601,1401,1275,82,213,21,4,7,75,0,2,34,362,0,36,6,85,.167,.188,.206,.395
31,Jesse Burkett\burkeje01,1946,16,1890,1905,0,62.9,2067,9620,8426,1720,2850,320,182,75,952,389,,1029,613,,,,90,.338,.415,.446,.861
32,Roy Campanella\camparo01,1969,10,1948,1957,8,34.2,1215,4815,4205,627,1161,178,18,242,856,25,15,533,501,30,143,18,30,.276,.360,.500,.860
33,Rod Carew\carewro01,1991,19,1967,1985,18,81.1,2469,10550,9315,1424,3053,445,112,92,1015,353,187,1018,1028,144,216,64,128,.328,.393,.429,.822
34,Max Carey\careyma01,1961,20,1910,1929,0,54.2,2476,10769,9363,1545,2665,419,159,70,802,738,109,1040,695,,,,290,.285,.361,.386,.747
35,Steve Carlton\carltst01,1994,24,1965,1988,10,6.3,699,1881,1719,123,346,49,6,13,140,2,2,41,413,0,33,13,94,.201,.223,.259,.482
36,Gary Carter\cartega01,2003,19,1974,1992,11,69.9,2296,9019,7971,1025,2092,371,31,324,1225,39,42,848,997,106,180,99,33,.262,.335,.439,.773
37,Orlando Cepeda\cepedor01,1999,17,1958,1974,11,50.3,2124,8698,7927,1131,2351,417,27,379,1365,142,80,588,1169,154,218,74,4,.297,.350,.499,.849
38,Frank Chance\chancfr01,1946,17,1898,1914,0,45.6,1288,5103,4299,798,1274,200,79,20,596,403,0,556,320,,,,111,.296,.394,.394,.788
39,Jack Chesbro\chesbja01,1946,11,1899,1909,0,0.2,393,1151,1103,85,217,37,13,5,82,5,,25,269,,,,21,.197,.216,.267,.483
40,Fred Clarke\clarkfr01,1945,21,1894,1915,0,67.8,2246,9838,8584,1622,2678,361,220,67,1015,509,0,875,511,,,,225,.312,.386,.429,.814
41,John Clarkson\clarkjo01,1963,12,1882,1894,0,-1.7,546,2060,1974,254,432,73,26,24,232,31,,81,382,,,,4,.219,.250,.319,.569
42,Roberto Clemente\clemero01,1973,18,1955,1972,15,94.5,2433,10211,9454,1416,3000,440,166,240,1305,83,46,621,1230,167,275,66,36,.317,.359,.475,.834
43,Ty Cobb\cobbty01,1936,24,1905,1928,0,151.0,3034,13087,11434,2244,4189,724,295,117,1944,897,212,1249,680,,,,291,.366,.433,.512,.945
44,Mickey Cochrane\cochrmi01,1947,13,1925,1937,2,52.1,1482,6208,5169,1041,1652,333,64,119,830,64,45,857,217,,,,151,.320,.419,.478,.897
45,Eddie Collins\collied01,1939,25,1906,1930,0,123.9,2826,12046,9949,1821,3315,438,187,47,1299,741,195,1499,467,,,,512,.333,.424,.429,.853
46,Jimmy Collins\colliji01,1945,14,1895,1908,0,53.2,1725,7452,6795,1055,1999,352,116,65,983,194,,426,266,,,,147,.294,.343,.409,.752
47,Earle Combs\combsea01,1970,12,1924,1935,0,42.5,1455,6513,5746,1186,1866,309,154,58,633,98,71,670,278,,,,74,.325,.397,.462,.859
48,Charlie Comiskey\comisch01,1939,13,1882,1894,0,7.7,1390,6040,5796,992,1529,207,68,28,883,416,,197,132,,,,5,.264,.293,.337,.630
49,Jocko Conlan\conlajo01,1974,2,1934,1935,0,-0.8,128,416,365,55,96,18,4,0,31,5,5,33,13,,,,17,.263,.328,.334,.662
50,Roger Connor\connoro01,1976,18,1880,1897,0,84.1,1998,8847,7797,1620,2467,441,233,138,1323,244,,1002,455,,,,9,.316,.397,.486,.883
51,Stan Coveleski\covelst01,1969,14,1912,1928,0,-5.0,451,1196,1058,70,168,26,10,1,81,0,1,53,309,,,,72,.159,.202,.205,.407
52,Bobby Cox\coxbo01,2014,2,1968,1969,0,0.9,220,719,628,50,141,22,2,9,58,3,3,75,126,14,17,7,3,.225,.310,.309,.619
53,Sam Crawford\crawfsa01,1957,19,1899,1917,0,75.1,2517,10594,9570,1391,2961,458,309,97,1523,367,43,760,580,,,,241,.309,.362,.452,.814
54,Joe Cronin\cronijo01,1956,20,1926,1945,7,66.4,2124,8840,7579,1233,2285,515,118,170,1424,87,71,1059,700,,57,,166,.301,.390,.468,.857
55,Candy Cummings\cummica01,1939,6,1872,1877,0,-2.1,247,1084,1068,149,227,29,9,0,107,3,2,16,51,,4,,,.213,.224,.257,.481
56,Kiki Cuyler\cuyleki01,1968,18,1921,1938,1,46.7,1879,8100,7161,1305,2299,394,157,128,1065,328,27,676,752,,53,,176,.321,.386,.474,.860
57,George Davis\davisge01,1998,20,1890,1909,0,84.7,2372,10178,9045,1545,2665,453,163,73,1440,619,,874,613,,,,184,.295,.362,.405,.767
58,Andre Dawson\dawsoan01,2010,21,1976,1996,8,64.5,2627,10769,9927,1373,2774,503,98,438,1591,314,109,589,1509,143,217,118,24,.279,.323,.482,.806
59,Dizzy Dean\deandi01,1953,12,1930,1947,4,2.2,325,766,717,76,161,23,4,8,76,5,0,9,104,,12,,39,.225,.235,.301,.536
60,Ed Delahanty\delahed01,1945,16,1888,1903,0,69.5,1837,8400,7510,1600,2597,522,186,101,1466,456,,742,439,,,,54,.346,.411,.505,.917
61,Bill Dickey\dickebi01,1954,17,1928,1946,11,55.8,1789,7065,6300,930,1969,343,72,202,1209,36,32,678,289,,49,,51,.313,.382,.486,.868
62,Joe DiMaggio\dimagjo01,1955,13,1936,1951,13,78.1,1736,7672,6821,1390,2214,389,131,361,1537,30,9,790,369,,130,,14,.325,.398,.579,.977
63,Larry Doby\dobyla01,1998,13,1947,1959,7,49.5,1533,6299,5348,960,1515,243,52,253,970,47,36,871,1011,19,97,25,20,.283,.386,.490,.876
64,Bobby Doerr\doerrbo01,1986,14,1937,1951,9,51.2,1865,8028,7093,1094,2042,381,89,223,1247,54,64,809,608,,187,,115,.288,.362,.461,.823
65,Don Drysdale\drysddo01,1984,14,1956,1969,9,5.9,547,1309,1169,96,218,26,7,29,113,0,2,60,370,0,34,6,69,.186,.228,.295,.523
66,Hugh Duffy\duffyhu01,1945,17,1888,1906,0,43.0,1737,7841,7044,1554,2293,325,119,106,1302,574,,664,268,,,,104,.326,.386,.451,.837
67,Leo Durocher\durocle01,1994,17,1925,1945,3,5.1,1637,5829,5350,575,1320,210,56,24,567,31,5,377,480,,109,,82,.247,.299,.320,.619
68,Dennis Eckersley\eckerde01,2004,24,1975,1998,6,0.4,218,196,181,9,24,3,0,3,12,0,0,9,84,0,1,1,5,.133,.173,.199,.372
69,Johnny Evers\eversjo01,1946,18,1902,1929,0,47.7,1784,7212,6137,919,1659,216,70,12,536,324,26,778,293,,,,256,.270,.356,.334,.690
70,Buck Ewing\ewingbu01,1939,18,1880,1897,0,47.7,1315,5772,5363,1129,1625,250,178,71,883,354,,392,294,,,,8,.303,.351,.456,.807
71,Red Faber\faberre01,1964,20,1914,1933,0,-3.5,670,1556,1269,98,170,21,2,3,71,7,0,169,479,,,,104,.134,.240,.161,.401
72,Bob Feller\fellebo01,1962,18,1936,1956,8,-1.7,570,1483,1282,99,193,28,13,8,99,1,2,100,505,0,15,0,100,.151,.214,.211,.425
73,Rick Ferrell\ferreri01,1984,18,1929,1947,8,29.8,1884,7076,6028,687,1692,324,45,28,734,29,35,931,277,,55,,103,.281,.378,.363,.741
74,Rollie Fingers\fingero01,1992,17,1968,1985,7,1.1,497,201,180,10,31,3,0,2,9,0,0,3,45,0,2,0,18,.172,.186,.222,.408
75,Carlton Fisk\fiskca01,2000,24,1969,1993,11,68.3,2499,9853,8756,1276,2356,421,47,376,1330,128,58,849,1386,105,204,79,26,.269,.341,.457,.797
76,Elmer Flick\flickel01,1963,13,1898,1910,0,53.2,1483,6414,5597,950,1752,268,164,48,756,330,,597,567,,,,121,.313,.389,.445,.834
77,Whitey Ford\fordwh01,1974,16,1950,1967,10,3.5,500,1207,1023,91,177,19,0,3,69,3,2,113,224,0,10,4,65,.173,.256,.200,.457
78,Nellie Fox\foxne01,1997,19,1947,1965,15,49.0,2367,10351,9232,1279,2663,355,112,35,790,76,80,719,216,24,175,48,208,.288,.348,.363,.710
79,Jimmie Foxx\foxxji01,1951,20,1925,1945,9,96.4,2317,9676,8134,1751,2646,458,125,534,1922,87,73,1452,1311,,69,,71,.325,.428,.609,1.038
80,Frankie Frisch\friscfr01,1947,19,1919,1937,3,70.4,2311,10099,9112,1532,2880,466,138,105,1244,419,74,728,272,,55,,229,.316,.369,.432,.801
81,Pud Galvin\galvipu01,1965,15,1875,1892,0,-9.9,731,2788,2748,278,552,87,31,5,220,23,0,38,631,,1,,,.201,.212,.261,.473
82,Lou Gehrig\gehrilo01,1939,17,1923,1939,7,112.4,2164,9663,8001,1888,2721,534,163,493,1995,102,100,1508,790,,2,,106,.340,.447,.632,1.080
83,Charlie Gehringer\gehrich01,1949,19,1924,1942,6,80.6,2323,10245,8860,1775,2839,574,146,184,1427,181,90,1186,372,,27,,141,.320,.404,.480,.884
84,Bob Gibson\gibsobo01,1981,17,1959,1975,9,8.0,596,1489,1328,132,274,44,5,24,144,13,10,63,415,0,13,18,72,.206,.243,.301,.545
85,Tom Glavine\glavito02,2014,22,1987,2008,10,7.5,688,1645,1323,93,246,25,2,1,90,1,0,101,329,0,14,3,216,.186,.244,.210,.454
86,Lefty Gomez\gomezle01,1972,14,1930,1943,7,-4.6,368,1023,904,59,133,11,0,0,58,1,1,50,252,,5,,68,.147,.194,.159,.353
87,Joe Gordon\gordojo01,2009,11,1938,1950,9,57.1,1566,6535,5707,914,1530,264,52,253,975,89,60,759,702,,159,,41,.268,.357,.466,.822
88,Goose Goslin\gosligo01,1968,18,1921,1938,1,66.1,2287,9829,8656,1482,2735,500,173,248,1612,176,89,949,585,,,,162,.316,.387,.500,.887
89,Rich Gossage\gossari01,2008,22,1972,1994,9,0.2,388,93,85,1,9,1,0,0,2,0,0,4,37,0,2,0,4,.106,.146,.118,.264
90,Hank Greenberg\greenha01,1956,13,1930,1947,5,57.5,1394,6098,5193,1046,1628,379,71,331,1274,58,26,852,844,,66,,35,.313,.412,.605,1.017
91,Ken Griffey\griffke02,2016,22,1989,2010,13,83.6,2671,11304,9801,1662,2781,524,38,630,1836,184,69,1312,1779,246,199,102,8,.284,.370,.538,.907
92,Clark Griffith\griffcl01,1946,21,1891,1914,0,4.1,485,1580,1380,202,321,49,17,8,166,22,1,166,126,,,,27,.233,.318,.310,.628
93,Burleigh Grimes\grimebu01,1964,19,1916,1934,0,6.1,632,1686,1535,157,380,62,11,2,168,15,4,69,241,,1,,76,.248,.282,.306,.588
94,Lefty Grove\grovele01,1947,17,1925,1941,6,-6.3,619,1578,1369,119,202,27,5,15,121,1,1,105,593,,1,,103,.148,.209,.207,.417
95,Vladimir Guerrero\guerrvl01,2018,16,1996,2011,9,59.3,2147,9059,8155,1328,2590,477,46,449,1496,181,94,737,985,250,277,64,0,.318,.379,.553,.931
96,Tony Gwynn\gwynnto01,2007,20,1982,2001,15,68.8,2440,10232,9288,1383,3141,543,85,135,1138,319,125,790,434,203,259,85,45,.338,.388,.459,.847
97,Chick Hafey\hafeych01,1971,13,1924,1937,1,30.1,1283,5115,4625,777,1466,341,67,164,833,70,7,372,477,,28,,83,.317,.372,.526,.898
98,Jesse Haines\haineje01,1970,19,1918,1937,0,-3.1,560,1214,1124,76,209,23,2,3,79,2,0,30,246,,1,,59,.186,.208,.218,.426
99,Billy Hamilton\hamilbi01,1961,14,1888,1901,0,63.3,1594,7608,6283,1697,2164,242,95,40,742,914,,1189,362,,,,47,.344,.455,.432,.888
100,Ned Hanlon\hanlone01,1996,13,1880,1892,0,18.0,1270,5577,5087,931,1318,159,79,30,518,329,,472,357,,,,,.259,.324,.339,.663
101,Bucky Harris\harribu01,1975,12,1919,1931,0,15.1,1263,5559,4736,722,1297,224,64,9,508,167,91,472,310,,,,249,.274,.352,.354,.706
102,Gabby Hartnett\hartnga01,1955,20,1922,1941,6,53.4,1990,7297,6432,867,1912,396,64,236,1179,28,7,703,697,,93,,127,.297,.370,.489,.858
103,Harry Heilmann\heilmha01,1952,17,1914,1932,0,72.1,2147,8964,7787,1291,2660,542,151,183,1543,113,64,856,550,,,,277,.342,.410,.520,.930
104,Rickey Henderson\henderi01,2009,25,1979,2003,10,110.8,3081,13346,10961,2295,3055,510,66,297,1115,1406,335,2190,1694,61,172,67,30,.279,.401,.419,.820
105,Billy Herman\hermabi01,1975,15,1931,1947,10,54.7,1922,8638,7707,1163,2345,486,82,47,839,67,,737,428,,191,,171,.304,.367,.407,.774
106,Whitey Herzog\herzowh01,2010,8,1956,1963,0,2.9,634,1884,1614,213,414,60,20,25,172,13,18,241,261,8,25,8,15,.257,.354,.365,.719
107,Trevor Hoffman\hoffmtr01,2018,18,1993,2010,7,0.3,1007,36,34,1,4,2,0,0,5,0,0,0,11,0,0,0,2,.118,.118,.176,.294
108,Harry Hooper\hoopeha01,1971,17,1909,1925,0,53.1,2309,10254,8785,1429,2466,389,160,75,816,375,141,1136,582,,,,247,.281,.368,.387,.755
109,Rogers Hornsby\hornsro01,1942,23,1915,1937,0,127.0,2259,9480,8173,1579,2930,541,169,301,1584,135,64,1038,679,,3,,216,.358,.434,.577,1.010
110,Waite Hoyt\hoytwa01,1969,21,1918,1938,0,-1.5,674,1422,1287,96,255,26,11,0,100,0,1,40,161,,10,,91,.198,.223,.235,.458
111,Carl Hubbell\hubbeca01,1947,16,1928,1943,9,-0.3,535,1395,1288,95,246,30,2,4,101,1,,33,172,,12,,75,.191,.212,.227,.439
112,Miller Huggins\huggimi01,1964,13,1904,1916,0,35.4,1586,6795,5558,948,1474,146,50,9,318,324,31,1003,556,,,,192,.265,.382,.314,.696
113,Catfish Hunter\hunteca01,1987,15,1965,1979,8,4.8,304,710,658,60,149,16,3,6,51,2,0,8,160,0,10,5,39,.226,.234,.287,.521
114,Monte Irvin\irvinmo01,1973,8,1949,1956,1,21.3,764,2893,2499,366,731,97,31,99,443,28,7,351,220,5,81,11,9,.293,.383,.475,.858
115,Reggie Jackson\jacksre01,1993,21,1967,1987,14,73.8,2820,11418,9864,1551,2584,463,49,563,1702,228,115,1375,2597,164,183,68,13,.262,.356,.490,.846
116,Travis Jackson\jackstr01,1982,15,1922,1936,1,44.0,1656,6681,6086,833,1768,291,86,135,929,71,13,412,565,,39,,171,.291,.337,.433,.770
117,Fergie Jenkins\jenkife01,1991,19,1965,1983,3,2.2,413,1010,896,54,148,27,6,13,85,0,1,41,326,0,9,7,66,.165,.200,.252,.452
118,Hughie Jennings\jennihu01,1945,18,1891,1918,0,42.3,1284,5648,4895,992,1526,232,88,18,840,359,0,347,234,,,,119,.312,.391,.406,.797
119,Randy Johnson\johnsra05,2015,22,1988,2009,10,-2.2,273,691,625,20,78,14,0,1,40,0,0,19,296,0,10,1,44,.125,.153,.152,.305
120,Walter Johnson\johnswa01,1936,21,1907,1927,0,13.3,934,2525,2324,241,547,94,41,24,255,13,4,110,419,,,,70,.235,.274,.342,.616
121,Chipper Jones\jonesch06,2018,19,1993,2012,8,85.0,2499,10614,8984,1619,2726,549,38,468,1623,150,46,1512,1409,177,253,97,3,.303,.401,.529,.930
122,Addie Joss\jossad01,1978,9,1902,1910,0,-2.2,296,911,817,46,118,21,6,1,51,10,,54,297,,,,39,.144,.198,.188,.387
123,Al Kaline\kalinal01,1980,22,1953,1974,18,92.5,2834,11596,10116,1622,3007,498,75,399,1582,137,65,1277,1020,131,271,104,45,.297,.376,.480,.855
124,Tim Keefe\keefeti01,1964,14,1880,1893,0,-2.2,618,2262,2083,248,390,60,38,12,134,13,,175,411,,,,,.187,.252,.270,.521
125,Willie Keeler\keelewi01,1939,19,1892,1910,0,54.0,2123,9610,8591,1719,2932,241,145,33,810,495,,524,136,,,,366,.341,.388,.415,.802
126,George Kell\kellge01,1983,15,1943,1957,10,37.4,1795,7529,6702,880,2054,385,50,78,870,51,36,621,287,7,188,20,149,.306,.367,.414,.781
127,Joe Kelley\kellejo01,1971,17,1891,1908,0,50.6,1853,8139,7006,1421,2220,358,194,65,1194,443,,911,430,,,,140,.317,.402,.451,.853
128,High Pockets Kelly\kellyge01,1973,16,1915,1932,0,25.2,1622,6570,5993,819,1778,337,76,148,1020,65,43,386,694,,,,158,.297,.342,.452,.794
129,King Kelly\kellyki01,1945,16,1878,1893,0,44.3,1456,6457,5896,1357,1813,359,102,69,950,368,,549,418,,,,,.307,.368,.438,.806
130,Harmon Killebrew\killeha01,1984,22,1954,1975,13,60.4,2435,9833,8147,1283,2086,290,24,573,1584,19,18,1559,1699,160,243,77,0,.256,.376,.509,.884
131,Ralph Kiner\kinerra01,1975,10,1946,1955,6,49.3,1472,6256,5205,971,1451,216,39,369,1015,22,2,1011,749,1,126,7,9,.279,.398,.548,.946
132,Chuck Klein\kleinch01,1980,17,1928,1944,2,43.6,1753,7171,6486,1168,2076,398,74,300,1201,79,,601,521,,55,,69,.320,.379,.543,.922
133,Sandy Koufax\koufasa01,1972,12,1955,1966,7,-4.2,397,858,776,26,75,9,0,2,28,0,1,43,386,0,10,3,35,.097,.145,.116,.261
134,Tony La Russa\larusto01,2014,6,1963,1973,0,-0.7,132,203,176,15,35,5,2,0,7,0,0,23,37,1,2,2,1,.199,.292,.250,.542
135,Nap Lajoie\lajoina01,1937,21,1896,1916,0,107.4,2480,10461,9589,1504,3243,657,163,82,1599,380,26,516,347,,,,221,.338,.380,.466,.847
136,Barry Larkin\larkiba01,2012,19,1986,2004,12,70.2,2180,9057,7937,1329,2340,441,76,198,960,379,77,939,817,66,178,67,59,.295,.371,.444,.815
137,Tom Lasorda\lasorto01,1997,3,1954,1956,0,-0.2,27,14,14,0,1,0,0,0,0,0,0,0,4,0,1,0,0,.071,.071,.071,.143
138,Tony Lazzeri\lazzeto01,1991,14,1926,1939,1,49.9,1740,7315,6297,986,1840,334,115,178,1194,148,79,869,864,,8,,116,.292,.380,.467,.846
139,Bob Lemon\lemonbo01,1976,15,1941,1958,7,11.3,615,1326,1183,148,274,54,9,37,147,2,1,93,241,0,9,3,49,.232,.288,.386,.674
140,Freddie Lindstrom\lindsfr01,1976,13,1924,1936,0,28.3,1438,6108,5611,895,1747,301,81,103,779,84,10,334,276,,35,,146,.311,.351,.449,.800
141,Ernie Lombardi\lombaer01,1986,17,1931,1947,8,45.9,1853,6352,5855,601,1792,277,27,190,990,8,,430,262,,261,,18,.306,.358,.460,.818
142,Al Lopez\lopezal01,1977,19,1928,1947,2,16.6,1950,6608,5916,613,1547,206,43,51,652,46,1,556,538,,137,,121,.261,.326,.337,.663
143,Ted Lyons\lyonste01,1955,21,1923,1946,1,4.4,705,1726,1563,162,364,49,9,5,149,0,1,73,201,,9,,83,.233,.270,.285,.556
144,Connie Mack\mackco01,1937,11,1886,1896,0,5.5,724,2949,2698,392,659,79,28,5,265,127,,170,127,,,,17,.244,.305,.300,.604
145,Greg Maddux\maddugr01,2014,23,1986,2008,8,2.3,737,1812,1591,103,272,35,2,5,84,11,3,34,419,0,15,2,180,.171,.191,.205,.395
146,Mickey Mantle\mantlmi01,1974,18,1951,1968,20,109.7,2401,9907,8102,1676,2415,344,72,536,1509,153,38,1733,1710,126,113,47,14,.298,.421,.557,.977
147,Heinie Manush\manushe01,1964,17,1923,1939,1,45.8,2008,8419,7654,1288,2524,491,160,110,1183,113,59,506,345,,11,,186,.330,.377,.479,.856
148,Rabbit Maranville\maranra01,1954,23,1912,1935,0,42.8,2670,11254,10078,1256,2605,380,177,28,884,291,112,839,756,,21,,300,.258,.318,.340,.658
149,Juan Marichal\maricju01,1983,16,1960,1975,10,1.2,464,1342,1221,73,202,29,2,4,75,2,5,38,269,0,20,7,71,.165,.191,.202,.393
150,Rube Marquard\marquru01,1971,18,1908,1925,0,-2.3,536,1194,1107,63,198,17,3,1,66,6,2,33,208,,,,48,.179,.207,.202,.410
151,Pedro Martinez\martipe02,2015,18,1992,2009,8,-2.0,277,518,434,22,43,6,2,0,18,0,0,15,190,0,5,3,63,.099,.134,.122,.256
152,Eddie Mathews\matheed01,1978,17,1952,1968,12,96.4,2391,10100,8537,1509,2315,354,72,512,1453,68,39,1444,1487,107,123,58,36,.271,.376,.509,.885
153,Christy Mathewson\mathech01,1936,17,1900,1916,0,6.4,647,1888,1687,151,362,50,12,7,167,20,1,116,218,,,,69,.215,.272,.271,.543
154,Willie Mays\mayswi01,1979,22,1951,1973,24,156.2,2992,12496,10881,2062,3283,523,140,660,1903,338,103,1464,1526,192,251,91,13,.302,.384,.557,.941
155,Bill Mazeroski\mazerbi01,2001,17,1956,1972,10,36.2,2163,8379,7755,769,2016,294,62,138,853,27,23,447,706,110,194,70,87,.260,.299,.367,.667
156,Tommy McCarthy\mccarto01,1946,13,1884,1896,0,16.2,1273,5739,5120,1066,1493,191,53,44,732,468,,536,185,,,,33,.292,.364,.375,.740
157,Willie McCovey\mccovwi01,1986,22,1959,1980,6,64.4,2588,9692,8197,1229,2211,353,46,521,1555,26,22,1345,1550,260,176,70,5,.270,.374,.515,.889
158,Joe McGinnity\mcginjo01,1946,10,1899,1908,0,-2.7,477,1423,1297,109,251,21,10,0,90,26,,34,158,,,,81,.194,.221,.225,.446
159,John McGraw\mcgrajo01,1937,17,1891,1907,0,45.6,1100,4940,3924,1024,1309,121,70,13,462,436,,836,155,,,,46,.334,.466,.410,.876
160,Bill McKechnie\mckecbi01,1962,11,1907,1920,0,3.3,846,3181,2843,319,713,86,33,8,240,127,4,190,204,,,,132,.251,.301,.313,.614
161,Bid McPhee\mcphebi01,2000,18,1882,1899,0,52.4,2138,9429,8304,1684,2258,303,189,53,1072,568,,982,377,,,,56,.272,.355,.373,.728
162,Joe Medwick\medwijo01,1968,17,1932,1948,10,55.6,1984,8143,7635,1198,2471,540,113,205,1383,42,,437,551,,203,,44,.324,.362,.505,.867
163,Johnny Mize\mizejo01,1981,15,1936,1953,10,71.0,1884,7370,6443,1118,2011,367,83,359,1337,28,1,856,524,,99,,20,.312,.397,.562,.959
164,Paul Molitor\molitpa01,2004,21,1978,1998,7,75.4,2683,12167,10835,1782,3319,605,114,234,1307,504,131,1094,1244,100,209,109,75,.306,.369,.448,.817
165,Joe Morgan\morgajo02,1990,22,1963,1984,10,100.3,2649,11329,9277,1650,2517,449,96,268,1133,689,162,1865,1015,76,105,96,51,.271,.392,.427,.819
166,Jack Morris\morrija02,2018,18,1977,1994,5,0.3,23,1,1,4,0,0,0,0,0,0,0,0,0,0,0,0,0,.000,.000,.000,.000
167,Eddie Murray\murraed02,2003,21,1977,1997,8,68.3,3026,12817,11336,1627,3255,560,35,504,1917,110,43,1333,1516,222,315,128,2,.287,.359,.476,.836
168,Stan Musial\musiast01,1969,22,1941,1963,24,128.1,3026,12718,10972,1949,3630,725,177,475,1951,78,31,1599,696,127,243,53,35,.331,.417,.559,.976
169,Hal Newhouser\newhoha01,1992,17,1939,1955,7,2.6,492,1159,999,70,201,22,2,2,81,3,3,89,150,0,24,0,72,.201,.267,.233,.500
170,Kid Nichols\nichoki01,1949,15,1890,1906,0,-0.1,650,2264,2090,273,472,58,24,16,278,19,,137,343,,,,25,.226,.277,.300,.577
171,Phil Niekro\niekrph01,1997,24,1964,1987,5,-0.8,742,1707,1537,80,260,42,1,7,109,0,1,17,314,0,35,12,129,.169,.183,.211,.395
172,Hank O'Day\o'dayha01,2013,7,1884,1890,0,-2.4,232,858,817,76,155,19,3,1,46,7,,39,109,,,,,.190,.228,.224,.452
173,Jim O'Rourke\o'rouji01,1945,23,1872,1904,0,51.3,1999,9052,8503,1729,2639,468,149,62,1208,229,12,513,362,,6,,0,.310,.352,.422,.775
174,Mel Ott\ottme01,1951,22,1926,1947,12,107.8,2730,11348,9456,1859,2876,488,72,511,1860,89,,1708,896,,82,,109,.304,.414,.533,.947
175,Satchel Paige\paigesa01,1971,6,1948,1965,2,-1.2,179,135,124,2,12,0,0,0,4,0,0,3,32,0,5,0,8,.097,.118,.097,.215
176,Jim Palmer\palmeji01,1990,19,1965,1984,6,1.3,222,537,489,52,85,9,1,3,41,1,0,16,207,0,1,1,31,.174,.200,.215,.414
177,Herb Pennock\pennohe01,1948,22,1912,1934,0,0.9,620,1414,1214,108,232,33,4,4,103,1,0,94,178,,,,111,.191,.253,.235,.488
178,Tony Perez\perezto01,2000,23,1964,1986,7,53.9,2777,10861,9778,1272,2732,505,79,379,1652,49,33,925,1867,150,268,106,9,.279,.341,.463,.804
179,Gaylord Perry\perryga01,1991,22,1962,1983,5,-2.7,512,1220,1076,48,141,17,0,6,47,0,0,22,369,0,20,3,113,.131,.153,.164,.316
180,Mike Piazza\piazzmi01,2016,16,1992,2007,12,59.4,1912,7745,6911,1048,2127,344,8,427,1335,17,20,759,1113,146,229,45,0,.308,.377,.545,.922
181,Eddie Plank\planked01,1946,17,1901,1917,0,3.4,630,1773,1607,130,331,39,7,3,122,13,3,71,265,,,,76,.206,.250,.245,.495
182,Kirby Puckett\puckeki01,2001,12,1984,1995,10,50.9,1783,7831,7244,1071,2304,414,57,207,1085,134,76,450,965,85,188,58,23,.318,.360,.477,.837
183,Old Hoss Radbourn\radboch01,1939,12,1880,1891,0,2.5,653,2654,2487,308,585,64,11,9,259,26,,158,244,,,,,.235,.283,.281,.564
184,Tim Raines\raineti01,2017,23,1979,2002,7,69.1,2502,10359,8872,1571,2605,430,113,170,980,808,146,1330,966,148,142,76,39,.294,.385,.425,.810
185,Pee Wee Reese\reesepe01,1984,16,1940,1958,10,66.4,2166,9470,8058,1338,2170,330,80,126,885,232,45,1210,890,3,176,19,157,.269,.366,.377,.743
186,Jim Rice\riceji01,2009,16,1974,1989,8,47.4,2089,9058,8225,1249,2452,373,79,382,1451,58,34,670,1423,77,315,94,5,.298,.352,.502,.854
187,Sam Rice\ricesa01,1963,20,1915,1934,0,52.8,2404,10252,9269,1514,2987,498,184,34,1077,351,143,708,275,,,,213,.322,.374,.427,.801
188,Branch Rickey\rickebr01,1967,4,1905,1914,0,1.1,120,380,343,38,82,8,6,3,39,8,0,27,54,,,,5,.239,.304,.324,.628
189,Cal Ripken\ripkeca01,2007,21,1981,2001,19,95.5,3001,12883,11551,1647,3184,603,44,431,1695,36,39,1129,1305,107,350,127,10,.276,.340,.447,.788
190,Eppa Rixey\rixeyep01,1963,21,1912,1933,0,-1.4,694,1666,1522,95,291,33,4,3,111,2,2,49,220,,2,,87,.191,.221,.224,.445
191,Phil Rizzuto\rizzuph01,1994,13,1941,1956,5,40.8,1661,6719,5816,877,1588,239,62,38,563,149,58,651,398,1,107,2,193,.273,.351,.355,.706
192,Robin Roberts\roberro01,1976,19,1948,1966,7,3.0,688,1784,1525,107,255,55,10,5,103,3,1,135,372,0,37,6,108,.167,.238,.226,.464
193,Brooks Robinson\robinbr01,1983,23,1955,1977,18,78.4,2896,11782,10654,1232,2848,482,68,268,1357,28,22,860,990,120,297,114,101,.267,.322,.401,.723
194,Frank Robinson\robinfr02,1982,21,1956,1976,14,107.2,2808,11742,10006,1829,2943,528,72,586,1812,204,77,1420,1532,218,270,102,17,.294,.389,.537,.926
195,Jackie Robinson\robinja02,1962,10,1947,1956,6,61.5,1382,5804,4877,947,1518,273,54,137,734,197,30,740,291,7,113,9,104,.311,.409,.474,.883
196,Wilbert Robinson\robinwi01,1945,17,1886,1902,0,13.9,1371,5430,5075,637,1388,212,51,18,722,196,,286,323,,,,42,.273,.316,.346,.662
197,Ivan Rodriguez\rodriiv01,2017,21,1991,2011,14,68.4,2543,10270,9592,1354,2844,572,51,311,1332,127,64,513,1474,67,337,76,31,.296,.334,.464,.798
198,Edd Roush\roushed01,1962,18,1913,1931,0,45.2,1967,8148,7363,1099,2376,339,182,68,981,268,92,484,260,,,,256,.323,.369,.446,.815
199,Red Ruffing\ruffire01,1967,22,1924,1947,6,15.0,882,2084,1937,207,521,98,13,36,273,1,1,97,266,,13,,43,.269,.306,.389,.695
200,Amos Rusie\rusieam01,1977,10,1889,1901,0,0.9,487,1765,1730,209,429,42,29,8,176,25,,27,186,,,,2,.248,.262,.320,.582
201,Babe Ruth\ruthba01,1936,22,1914,1935,2,163.1,2503,10623,8399,2174,2873,506,136,714,2214,123,117,2062,1330,,2,,113,.342,.474,.690,1.164
202,Nolan Ryan\ryanno01,1999,27,1966,1993,8,-2.0,427,957,852,40,94,10,2,2,36,3,3,38,371,0,11,2,65,.110,.148,.134,.282
203,Ryne Sandberg\sandbry01,2005,16,1981,1997,10,67.5,2164,9282,8385,1318,2386,403,76,282,1061,344,107,761,1260,59,139,71,31,.285,.344,.452,.795
204,Ron Santo\santoro01,2012,15,1960,1974,9,70.4,2243,9397,8143,1138,2254,365,67,342,1331,35,41,1108,1343,94,256,94,13,.277,.362,.464,.826
205,Ray Schalk\schalra01,1955,18,1912,1929,0,28.5,1762,6239,5306,579,1345,199,49,11,593,177,69,638,358,,,,214,.253,.340,.316,.656
206,Mike Schmidt\schmimi01,1995,18,1972,1989,12,106.5,2404,10062,8352,1506,2234,408,59,548,1595,174,92,1507,1883,201,156,108,16,.267,.380,.527,.908
207,Red Schoendienst\schoere01,1989,19,1945,1963,10,42.3,2216,9224,8479,1223,2449,427,78,84,773,89,27,606,346,15,180,19,97,.289,.337,.387,.724
208,Tom Seaver\seaveto01,1992,20,1967,1986,12,4.2,582,1552,1315,99,202,28,5,12,86,4,0,108,485,0,22,4,121,.154,.219,.210,.429
209,Joe Sewell\seweljo01,1977,14,1920,1933,0,53.7,1903,8333,7132,1141,2226,436,68,49,1054,74,72,842,114,,,,275,.312,.391,.413,.804
210,Al Simmons\simmoal01,1953,20,1924,1944,3,68.7,2215,9519,8759,1507,2927,539,149,307,1828,88,65,615,737,,23,,111,.334,.380,.535,.915
211,George Sisler\sislege01,1939,15,1915,1930,0,54.5,2055,9012,8267,1284,2812,425,164,102,1178,375,127,472,327,,,,226,.340,.379,.468,.847
212,Enos Slaughter\slaugen01,1985,19,1938,1959,10,55.1,2380,9086,7946,1247,2383,413,148,169,1304,71,15,1018,538,11,139,10,73,.300,.382,.453,.834
213,Ozzie Smith\smithoz01,2002,19,1978,1996,15,76.5,2573,10778,9396,1257,2460,402,69,28,793,580,148,1072,589,79,167,63,214,.262,.337,.328,.666
214,John Smoltz\smoltjo01,2015,21,1988,2009,8,3.1,709,1167,948,77,151,26,2,5,61,3,2,79,365,0,15,1,136,.159,.226,.207,.433
215,Duke Snider\snidedu01,1980,18,1947,1964,8,66.5,2143,8237,7161,1259,2116,358,85,407,1333,99,50,971,1237,104,166,32,52,.295,.380,.540,.919
216,Billy Southworth\southbi01,2008,13,1913,1929,0,21.0,1192,4925,4359,661,1296,173,91,52,561,138,85,402,148,,,,152,.297,.359,.415,.773
217,Warren Spahn\spahnwa01,1973,21,1942,1965,17,7.6,783,2056,1872,141,363,57,6,35,189,4,2,94,487,0,23,14,68,.194,.234,.287,.520
218,Al Spalding\spaldal01,1939,8,1871,1878,0,6.8,411,1988,1959,417,613,86,19,2,338,18,3,29,26,,5,,,.313,.323,.379,.702
219,Tris Speaker\speaktr01,1937,22,1907,1928,0,133.7,2789,11995,10195,1882,3514,792,222,117,1531,436,157,1381,393,,,,309,.345,.428,.500,.928
220,Willie Stargell\stargwi01,1988,21,1962,1982,7,57.5,2360,9027,7927,1194,2232,423,55,475,1540,17,16,937,1936,227,143,75,9,.282,.360,.529,.889
221,Casey Stengel\stengca01,1966,14,1912,1925,0,20.1,1277,4871,4288,575,1219,182,89,60,535,131,60,437,453,,,,105,.284,.356,.410,.766
222,Bruce Sutter\suttebr01,2006,12,1976,1988,6,0.0,661,121,102,6,9,0,0,0,6,1,0,7,50,0,1,1,10,.088,.153,.088,.241
223,Don Sutton\suttodo01,1998,23,1966,1988,4,-1.3,611,1559,1354,64,195,15,1,0,64,1,0,60,365,0,29,3,136,.144,.183,.157,.340
224,Bill Terry\terrybi01,1954,14,1923,1936,3,54.2,1721,7108,6428,1120,2193,373,112,154,1078,56,6,537,449,,38,,137,.341,.393,.506,.899
225,Frank Thomas\thomafr04,2014,19,1990,2008,5,73.7,2322,10075,8199,1494,2468,495,12,521,1704,32,23,1667,1397,168,226,121,0,.301,.419,.555,.974
226,Jim Thome\thomeji01,2018,22,1991,2012,5,72.9,2543,10313,8422,1583,2328,451,26,612,1699,19,20,1747,2548,173,165,74,1,.276,.402,.554,.956
227,Sam Thompson\thompsa01,1974,15,1885,1906,0,44.3,1410,6525,5998,1261,1988,343,161,126,1308,232,,452,234,,,,13,.331,.384,.505,.890
228,Joe Tinker\tinkejo01,1946,15,1902,1916,0,53.2,1806,7153,6441,774,1690,263,114,31,785,336,12,416,526,,,,285,.262,.308,.353,.661
229,Joe Torre\torrejo01,2014,18,1960,1977,9,57.6,2209,8802,7874,996,2342,344,59,252,1185,23,29,779,1094,127,284,50,13,.297,.365,.452,.817
230,Alan Trammell\trammal01,2018,20,1977,1996,6,70.4,2293,9376,8288,1231,2365,412,55,185,1003,236,109,850,874,48,156,76,124,.285,.352,.415,.767
231,Pie Traynor\traynpi01,1948,17,1920,1937,2,36.2,1941,8297,7559,1183,2416,371,164,58,1273,158,46,472,278,,47,,231,.320,.362,.435,.797
232,Dazzy Vance\vanceda01,1955,16,1915,1935,0,-2.6,442,1114,971,68,146,23,1,7,75,1,0,79,287,,4,,55,.150,.219,.198,.417
233,Arky Vaughan\vaughar01,1985,14,1932,1948,9,72.9,1817,7722,6622,1173,2103,356,128,96,926,118,,937,276,,70,,116,.318,.406,.453,.859
234,Rube Waddell\wadderu01,1946,13,1897,1910,0,-2.5,410,1137,1066,61,172,29,10,4,83,6,,42,300,,,,23,.161,.197,.219,.416
235,Honus Wagner\wagneho01,1936,21,1897,1917,0,131.0,2794,11749,10439,1739,3420,643,252,101,1732,723,26,963,735,,,,221,.328,.391,.467,.858
236,Bobby Wallace\wallabo01,1953,25,1894,1918,0,70.2,2383,9612,8618,1057,2309,391,143,34,1121,201,10,774,560,,,,173,.268,.332,.358,.690
237,Ed Walsh\walshed01,1946,14,1904,1917,0,2.3,459,1169,1085,92,210,38,10,3,68,14,1,46,282,,,,30,.194,.231,.255,.486
238,Lloyd Waner\wanerll01,1967,18,1927,1945,1,24.1,1993,8334,7772,1201,2459,281,118,27,598,67,,420,173,,57,,108,.316,.353,.393,.747
239,Paul Waner\wanerpa01,1952,20,1926,1945,4,72.8,2549,10766,9459,1627,3152,605,191,113,1309,104,0,1091,376,,127,,174,.333,.404,.473,.878
240,John Ward\wardjo01,1964,17,1878,1894,0,35.6,1827,8114,7656,1410,2107,231,96,26,869,540,,421,326,,,,20,.275,.314,.341,.655
241,Mickey Welch\welchmi01,1973,13,1880,1892,0,-0.8,607,2286,2201,268,492,93,16,12,202,10,,82,329,,,,,.224,.252,.297,.549
242,Zack Wheat\wheatza01,1959,19,1909,1927,0,60.2,2410,10000,9106,1289,2884,476,172,132,1248,205,69,650,572,,,,163,.317,.367,.450,.817
243,Deacon White\whitede01,2013,20,1871,1890,0,45.5,1560,6973,6624,1140,2067,270,98,24,988,70,9,308,221,,8,,,.312,.346,.393,.740
244,Hoyt Wilhelm\wilheho01,1985,21,1952,1972,8,-2.8,1070,493,432,24,38,3,1,1,21,0,1,26,166,0,8,1,34,.088,.139,.106,.246
245,Billy Williams\willibi01,1987,18,1959,1976,6,63.6,2488,10519,9350,1410,2711,434,88,426,1475,90,49,1045,1046,182,200,73,8,.290,.361,.492,.853
246,Dick Williams\willidi02,2008,13,1951,1964,0,3.5,1023,3265,2959,358,768,157,12,70,331,12,21,227,392,12,97,25,42,.260,.312,.392,.704
247,Ted Williams\willite01,1966,19,1939,1960,19,123.1,2292,9788,7706,1798,2654,525,71,521,1839,24,17,2021,709,86,197,20,5,.344,.482,.634,1.116
248,Vic Willis\willivi01,1995,13,1898,1910,0,-3.6,531,1623,1493,107,248,19,4,1,84,3,,81,199,,,,41,.166,.213,.186,.399
249,Hack Wilson\wilsoha01,1979,12,1923,1934,0,38.8,1348,5556,4760,884,1461,266,67,244,1063,52,5,674,713,,15,,102,.307,.395,.545,.940
250,Dave Winfield\winfida01,2001,22,1973,1995,12,63.8,2973,12358,11003,1669,3110,540,88,465,1833,223,96,1216,1686,172,319,95,19,.283,.353,.475,.827
251,George Wright\wrighge01,1937,12,1871,1882,0,23.2,591,2941,2873,665,866,124,60,11,326,47,20,68,119,,2,,,.301,.318,.398,.715
252,Harry Wright\wrighha01,1953,7,1871,1877,0,1.0,180,850,813,183,224,21,8,4,113,11,3,37,14,,3,,,.276,.307,.336,.643
253,Early Wynn\wynnea01,1972,23,1939,1963,9,9.7,796,1904,1704,136,365,59,5,17,173,1,0,141,330,0,33,4,52,.214,.274,.285,.559
254,Carl Yastrzemski\yastrca01,1989,23,1961,1983,18,96.1,3308,13992,11988,1816,3419,646,59,452,1844,168,116,1845,1393,190,323,105,13,.285,.379,.462,.841
255,Cy Young\youngcy01,1937,22,1890,1911,0,-1.8,918,3101,2960,325,623,87,35,18,290,29,,81,381,,,,50,.210,.234,.282,.516
256,Ross Youngs\youngro01,1972,10,1917,1926,0,32.2,1211,5336,4627,812,1491,236,93,42,592,153,83,550,390,,,,119,.322,.399,.441,.839
257,Robin Yount\yountro01,1999,20,1974,1993,3,77.0,2856,12249,11008,1632,3142,583,126,251,1406,271,105,966,1350,95,217,123,104,.285,.342,.430,.772
,Average Batting HOFer,,18,1871,2012,6,69,2152,9072,7973,1332,2409,415,105,223,1227,227,55,910,777,52,107,32,100,.302,.376,.465,.841